group1	group2	p.value	sig
post	donor	0.19859339837623755	
recipient	donor	1.3969109280124106e-4	***
recipient	post	0.0056871536878950885	**
