pairs	Df	SumsOfSqs	F.Model	R2	p.value	fdr	sig
post vs donor	1	6350.8503849313265	1.0683187664713387	0.030463928812371623	0.3276723276723277	0.3276723276723277	
post vs recipient	1	21955.302550860128	4.053842696216261	0.084360427153424275	9.99000999000999e-4	0.0014985014985014985	**
donor vs recipient	1	32680.54057283103	6.6299798353450115	0.14855439907894277	9.99000999000999e-4	0.0014985014985014985	**
