pairs	Df	SumsOfSqs	F.Model	R2	p.value	fdr	sig
donor vs recipient	1	18866.030086048908	9.776253541613016	0.20462578827152947	9.99000999000999e-4	0.0014985014985014985	**
donor vs post	1	2750.680788494046	1.4925453396081299	0.04205236128676617	0.07492507492507493	0.07492507492507493	
recipient vs post	1	11519.068483668325	5.546166354566466	0.11193936408473103	9.99000999000999e-4	0.0014985014985014985	**
