group1	group2	p.value	sig
post	donor	0.02911374136848353	*
recipient	donor	2.0589249524645848e-5	***
recipient	post	0.0046890681542437855	**
